<?xml version="1.0" encoding="UTF-8"?>
<!DOCTYPE log4j:configuration SYSTEM "log4j.dtd">
<log4j:configuration xmlns:log4j="http://jakarta.apache.org/log4j/">
	<appender name="stdout" class="org.apache.log4j.ConsoleAppender">
		<layout class="org.apache.log4j.TTCCLayout"/>
	</appender>
	
	<!-- log detail configuration -->
	<logger name="com.opensymphony.xwork">
		<level value="error"/>
		<appender-ref ref="stdout"/>
	</logger>
	<logger name="com.opensymphony.webwork">
		<level value="error"/>
		<appender-ref ref="stdout"/>
	</logger>
	<logger name="freemarker">
		<level value="warn"/>
		<appender-ref ref="stdout"/>
	</logger>
	<logger name="com.mevipro">
		<level value="debug"/>
		<appender-ref ref="stdout"/>
	</logger>
	<root>
		<level value="error"/>
		<appender-ref ref="stdout"/>
	</root>
</log4j:configuration>
