<?xml version="1.0" encoding="ISO-8859-1"?>
<project name="Struts 2">
    <bannerLeft>
        <name>Apache Software Foundation</name>
        <src>http://www.apache.org/images/asf-logo.gif</src>
        <href>http://www.apache.org</href>
    </bannerLeft>
    <bannerRight>
        <name>Apache Struts</name>
        <src>images/struts2.png</src>
        <href>http://struts.apache.org</href>
    </bannerRight>     
    <body>
        <links>
            <item name="Apache" href="http://www.apache.org" /> 
            <item name="Struts 2" href="http://struts.apache.org/2.x" />
            <item name="Struts 1" href="http://struts.apache.org/1.x" />
        </links>
        <menu name="Struts 2">
            <item
                    name="Welcome"
                    href="index.html"
                    />
            <item
                    name="Releases"
                    href="http://struts.apache.org/downloads.html"/>
        </menu>

        <menu name="Documentation">
        
            <item
                    name="Getting Started"
                    href="docs/home.html"
                    />        
            <item
                    name="Tutorials"
                    href="docs/tutorials.html"
                    />        

            <item
                    name="FAQs"
                    href="docs/faqs.html"
                    />        

            <item
                    name="Guides"
                    href="docs/guides.html"
                    />        

            <item
                    name="Release Notes"
                    href="docs/release-notes-205.html"
                    />        

        </menu>

        <menu name="Support">
            <item
                    name="User Mailing List"
                    href="http://struts.apache.org/mail.html"
                    />
            <item
                    name="Issue Tracker (JIRA)"
                    href="http://issues.apache.org/struts/"
                    />
            <item
                    name="Wiki Pages"
                    href="http://cwiki.apache.org/S2WIKI/home.html"
                    />
        </menu>

        <menu name="Reference">
            <item
                    name="Struts Core / XWork APIs"
                    href="struts2-core/apidocs/index.html"
                    />
            <item
                    name="Tag Reference"
                    href="docs/tag-reference.html"
                    />
            <item
                    name="New API (experimental)"
                    href="struts2-api/apidocs/index.html"
                    />
            <item
                    name="Plugin Registry"
                    href="http://cwiki.apache.org/S2PLUGINS/home.html"
                    />
        </menu>

        <menu name="Plugin API's">

           <item
                    name="Config Browser"
                    href="struts2-plugins/struts2-config-browser-plugin/apidocs/index.html"
                    />

           <item
                    name="JasperReports"
                    href="struts2-plugins/struts2-jasperreports-plugin/apidocs/index.html"
                    />

           <item
                    name="JFreeChart"
                    href="struts2-plugins/struts2-jfreechart-plugin/apidocs/index.html"
                    />

            <item
                    name="JavaServer Faces"
                    href="struts2-plugins/struts2-jsf-plugin/apidocs/index.html"
                    />

           <item
                    name="Pell Multipart"
                    href="struts2-plugins/struts2-pell-multipart-plugin/apidocs/index.html"
                    />

           <item
                    name="Plexus"
                    href="struts2-plugins/struts2-plexus-plugin/apidocs/index.html"
                    />

           <item
                    name="Sitegraph"
                    href="struts2-plugins/struts2-sitegraph-plugin/apidocs/index.html"
                    />

           <item
                    name="Sitemesh"
                    href="struts2-plugins/struts2-sitemesh-plugin/apidocs/index.html"
                    />

           <item
                    name="Struts 1"
                    href="struts2-plugins/struts2-struts1-plugin/apidocs/index.html"
                    />

           <item
                    name="Tiles"
                    href="struts2-plugins/struts2-tiles-plugin/apidocs/index.html"
                    />

        </menu>
    </body>
</project>
